City_ID,City,Country,Max Temp,Current Description,Lat,Lng,Hotel Name
6,Labuhan,ID,77.9,moderate rain,-6.8844,112.2051,DoubleFAG
7,Ribeira Grande,PT,62.042,overcast clouds,38.5167,-28.7,Quinta da Meia Eira
8,Cape Town,ZA,65.174,clear sky,-33.9258,18.4232,"Radisson Blu Hotel Waterfront, Cape Town"
9,Myanaung,MM,72.44600000000005,clear sky,18.2833,95.3167,Garden House Bungalow Guesthouse
10,Faanui,PF,77.64800000000002,light rain,-16.4833,-151.75,Bora-Bora Pearl Beach Resort & Spa
12,Port Elizabeth,ZA,70.37599999999999,overcast clouds,-33.918,25.5701,39 On Nile Guest House
13,Bam,IR,73.16600000000001,overcast clouds,29.106,58.357,Bam Tourist Hotel
21,Port Blair,IN,79.10600000000002,mist,11.6667,92.75,"Welcomhotel By ITC Hotels, Bay Island, Port Blair"
23,Mildura,AU,61.34000000000002,broken clouds,-34.2,142.15,Mercure Hotel Mildura
26,Lompoc,US,79.86199999999997,clear sky,34.6391,-120.4579,"Holiday Inn Express Lompoc, an IHG Hotel"
27,Mar Del Plata,AR,61.08800000000005,clear sky,-38.0023,-57.5575,Gran Hotel Mar del Plata
30,Takoradi,GH,78.00800000000001,scattered clouds,4.8845,-1.7554,Raybow International Hotel
31,Portland,US,77.25199999999998,clear sky,45.5234,-122.6762,Embassy Suites by Hilton Portland Downtown
32,Pandan,PH,79.64600000000004,overcast clouds,14.0453,124.1694,Bonifacio Lodge
36,Pisco,PE,64.72400000000002,few clouds,-13.7,-76.2167,Hotel San Isidro Oficial
39,Hermanus,ZA,65.066,scattered clouds,-34.4187,19.2345,Misty Waves Boutique Hotel
40,Vila Velha,BR,75.41600000000001,broken clouds,-20.3297,-40.2925,Hotel Vitória Palace
43,Ritchie,ZA,69.04399999999998,broken clouds,-29.038,24.6028,Riverside Country Club Modderrivier
46,Atuona,PF,76.92799999999997,clear sky,-9.8,-139.0333,Villa Enata
47,Muros,ES,65.94800000000004,overcast clouds,42.7762,-9.0603,Apartment Av. Castelao
49,Puerto Ayora,EC,75.434,broken clouds,-0.7393,-90.3518,Finch Bay Galapagos Hotel
50,Rikitea,PF,69.20600000000003,clear sky,-23.1203,-134.9692,People ThankYou
51,Bredasdorp,ZA,60.02599999999999,scattered clouds,-34.5322,20.0403,Bredasdorp Country Manor
53,Touros,BR,78.22400000000002,broken clouds,-5.1989,-35.4608,INN NEW HORIZON
61,Paramonga,PE,64.14800000000002,few clouds,-10.6667,-77.8333,"Av Douglas Stephen, Los Chalets Paramonga, Lima, Perú"
62,Ballina,AU,68.28800000000004,moderate rain,-28.8667,153.5667,Ramada Hotel & Suites by Wyndham Ballina Byron
67,Lar,IN,72.87799999999996,overcast clouds,26.2039,83.9717,Ovaiskarni ward Lar
68,Banjar,ID,76.55000000000001,overcast clouds,-8.19,114.9675,The Hamsa Resort
69,Airai,TL,63.42799999999997,overcast clouds,-8.9266,125.4092,
70,Gladstone,AU,69.99800000000002,light rain,-23.85,151.25,Highpoint International Hotel
72,Plettenberg Bay,ZA,64.02200000000005,broken clouds,-34.0527,23.3716,Thanda Vista B&B
73,Matamoros,MX,68.37799999999996,overcast clouds,25.5333,-103.25,Quinta Belem
74,Xuddur,SO,72.89600000000004,overcast clouds,4.1213,43.8894,Banjanay Hotel
80,Saint-Philippe,RE,69.65600000000003,broken clouds,-21.3585,55.7679,Le four à pain
81,Port Lincoln,AU,61.682000000000016,clear sky,-34.7333,135.8667,Port Lincoln Hotel
82,Rocha,UY,60.475999999999985,overcast clouds,-34.4833,-54.3333,Hotel Arrarte
86,Masaguisi,PH,77.342,overcast clouds,12.7545,121.4484,Prisville Triangle Resort
88,Kulhudhuffushi,MV,77.91799999999998,moderate rain,6.6221,73.07,Haajy Guest House 1
92,Flinders,AU,70.64600000000004,broken clouds,-34.5833,150.8552,Shellharbour Resort & Conference Centre
95,Waimana,NZ,62.708000000000006,clear sky,-38.15,177.0833,Omahuru Campsite (Ogilvies)
96,Hambantota,LK,77.61199999999997,overcast clouds,6.1241,81.1185,Bungalow 63
98,Aswan,EG,78.61999999999996,clear sky,24.0934,32.907,Nuba Nile
99,Mayuge,UG,66.18200000000002,overcast clouds,0.4597,33.4803,Kagolo Bar and Lodge
101,Price,US,74.39000000000001,clear sky,39.5994,-110.8107,National 9 - Price River Inn
102,Samana,DO,79.84399999999997,clear sky,19.2056,-69.3369,The Bannister - Hotel & Yacht Club
103,Bandarbeyla,SO,78.20600000000003,few clouds,9.4942,50.8122,JABIR HOTEL
111,Tatawin,TN,65.084,clear sky,32.9297,10.4518,Auberge Alferdaous
116,Ladario,BR,76.19000000000003,overcast clouds,-19.0047,-57.6017,Hotel Fazenda 4 cantos
117,Emerald,AU,72.01400000000004,light rain,-23.5333,148.1667,The Irish Village
118,Vila Franca Do Campo,PT,63.28399999999999,overcast clouds,37.7167,-25.4333,Pestana Bahia Praia
119,East London,ZA,70.06999999999996,overcast clouds,-33.0153,27.9116,Tu Casa
120,Duku,NG,77.234,few clouds,11.2361,4.9073,
123,Victoria,HK,71.6,overcast clouds,22.2855,114.1577,Mini Central
125,Souillac,MU,70.44800000000004,few clouds,-20.5167,57.5167,Shanti Maurice Resort & Spa
127,Port-Gentil,GA,79.03399999999999,scattered clouds,-0.7193,8.7815,Fengshui Residence
129,Nakhon Nayok,TH,72.24800000000002,overcast clouds,14.1667,101.1,ห้างหุ้นส่วนจำกัด เอสพีรีสอร์ท
130,Mao,ES,70.62799999999996,scattered clouds,39.8885,4.2658,ARTIEM Capri
131,Peniche,PT,69.38599999999997,overcast clouds,39.3558,-9.3811,Hotel Star inn Peniche
132,Ambon,ID,77.41400000000004,few clouds,-3.6954,128.1814,Swiss-Belhotel Ambon
134,Odweyne,SO,70.75399999999996,broken clouds,9.4092,45.064,Eng Hiirey House
138,Barcelos,PT,68.41400000000004,overcast clouds,41.5388,-8.6151,Hotel Do Terço
140,Antofagasta,CL,60.58399999999999,scattered clouds,-23.65,-70.4,"Holiday Inn Express Antofagasta, an IHG Hotel"
143,Inhambane,MZ,72.68000000000004,scattered clouds,-23.865,35.3833,Oceano
145,Saint Pete Beach,US,74.44399999999997,overcast clouds,27.7253,-82.7412,Sirata Beach Resort
150,Nhulunbuy,AU,79.68200000000002,scattered clouds,-12.2333,136.7667,East Arnhem Real Estate
155,Santa Maria,BR,65.75,scattered clouds,-29.6842,-53.8069,Hotel Morotin
156,Autazes,BR,76.118,light rain,-3.5797,-59.1306,Hotel Tupinambá
157,Payakumbuh,ID,69.458,overcast clouds,-0.2202,100.6308,Dalimo Homestay
158,Cabatuan,PH,76.78399999999999,overcast clouds,10.8794,122.486,MVC Transient Room
163,Alofi,NU,77.108,overcast clouds,-19.0595,-169.9187,Taloa Heights
164,Santa Lucia,ES,65.78599999999997,clear sky,27.9117,-15.5407,Las Tirajanas
166,Huarmey,PE,65.858,scattered clouds,-10.0681,-78.1522,Hotel Miramar
168,Pitanga,BR,62.29399999999997,light rain,-24.7572,-51.7614,Hotel Santa Carmem
169,Manyana,BW,66.77599999999998,broken clouds,-23.4,21.7167,
170,Port Macquarie,AU,66.16400000000004,light rain,-31.4333,152.9167,Rydges Port Macquarie
174,Rudsar,IR,65.91199999999995,light rain,37.1376,50.288,Hotel Bahar
175,Port Alfred,ZA,67.44200000000001,broken clouds,-33.5906,26.891,The Halyards Hotel & Spa
176,Bengkulu,ID,74.55199999999998,light rain,-3.8004,102.2655,Grage Hotel Bengkulu
178,San Fernando,PH,75.45199999999997,light rain,15.0286,120.6898,Maharlika Hostel
179,Yeppoon,AU,71.65399999999995,overcast clouds,-23.1333,150.7333,Villa Mar Colina
180,Tres Lagoas,BR,71.708,moderate rain,-20.7511,-51.6783,Druds Express Hotel
183,Valpoi,IN,74.066,broken clouds,15.5305,74.1356,Cajueiro Homestead
184,Fort Nelson,CA,63.40999999999998,overcast clouds,58.8053,-122.7002,The Fort Nelson Hotel
187,Coihaique,CL,65.28200000000001,few clouds,-45.5752,-72.0662,Diego De Almagro Coyhaique
190,Ahipara,NZ,60.70999999999998,scattered clouds,-35.1667,173.1667,Ahipara Holiday Park
191,Salalah,OM,73.75999999999999,clear sky,17.0151,54.0924,"HAMDAN PLAZA HOTEL SALALAH, an HTG Hotel"
192,Omboue,GA,76.73000000000005,moderate rain,-1.5746,9.2618,Hotel Olako
194,Lagoa,PT,63.33800000000005,light rain,39.05,-27.9833,Casa Das Faias
196,Hervey Bay,AU,69.29600000000005,light rain,-25.2986,152.8535,Shelly Bay Resort
197,Arraial Do Cabo,BR,72.68000000000004,overcast clouds,-22.9661,-42.0278,Pousada Porto Praia
199,Halifax,CA,62.95999999999998,broken clouds,44.6453,-63.5724,Hotel Halifax
200,Gweru,ZW,66.72200000000004,broken clouds,-19.45,29.8167,Suskwe Lodges
204,Rio Grande,BR,64.77799999999996,overcast clouds,-32.035,-52.0986,Hotel Atlântico Rio Grande
207,San Patricio,US,73.56199999999995,overcast clouds,28.017,-97.5169,"Motel 6 Sinton, TX"
208,Saint-Pierre,RE,69.74600000000005,broken clouds,-21.3393,55.4781,Alize Plage
209,Ponta Do Sol,PT,74.28200000000001,overcast clouds,32.6667,-17.1,Hotel do Campo
212,Caravelas,BR,75.16400000000004,few clouds,-17.7125,-39.2481,Pousada dos Navegantes
216,Alice Springs,AU,64.21999999999997,clear sky,-23.7,133.8833,Desert Palms Alice Springs
219,Bondo,CD,69.44000000000003,light rain,3.8146,23.6866,
220,Cam Ranh,VN,73.63399999999999,few clouds,11.9214,109.1591,OYO 598 Peony Hotel
221,Eureka,US,69.476,scattered clouds,40.8021,-124.1637,Eureka Inn Trademark By Wyndham
223,Domoni,KM,74.76799999999999,scattered clouds,-12.2569,44.5319,Al Djadid
226,Fomboni,KM,76.38800000000005,clear sky,-12.28,43.7425,Auberge les abou
235,Fuerte Olimpo,PY,71.79800000000003,broken clouds,-21.0415,-57.8738,Hospedaje DAMI
238,Yarada,IN,79.62799999999996,broken clouds,17.65,83.2667,Yarada Jungle Beach Resorts
240,Quatre Cocos,MU,70.17799999999997,scattered clouds,-20.2078,57.7625,Sunrise Attitude Hotel
244,Mahebourg,MU,70.358,few clouds,-20.4081,57.7,Shandrani Beachcomber Resort & Spa
246,Mocuba,MZ,72.48200000000003,clear sky,-16.8392,36.9856,Phama Lodge
247,Phimai,TH,64.74199999999999,broken clouds,15.2232,102.4947,Benya Guest House
249,Tsiroanomandidy,MG,73.68800000000005,overcast clouds,-18.7667,46.0333,Hotel Ravinala
252,Arcata,US,69.476,fog,40.8665,-124.0828,"Hampton Inn & Suites Arcata, CA"
253,Morondava,MG,77.14399999999998,scattered clouds,-20.2833,44.2833,La Case Bambou
256,Margate,GB,60.16999999999996,overcast clouds,51.3813,1.3862,Premier Inn Margate hotel
258,Fortuna,US,69.20600000000003,clear sky,40.5982,-124.1573,Super 8 by Wyndham Fortuna
259,Rock Springs,US,67.71199999999996,clear sky,41.5875,-109.2029,Homewood Suites by Hilton Rock Springs
262,Camacha,PT,69.49399999999997,few clouds,33.0833,-16.3333,Hotel Porto Santo & Spa
264,Nantucket,US,62.977999999999966,overcast clouds,41.2835,-70.0995,Jared Coffin House
267,Manavalakurichi,IN,76.02799999999996,overcast clouds,8.1333,77.3,Jebinrio home
271,Tateyama,JP,60.36799999999998,overcast clouds,34.9833,139.8667,Tateyama Seaside Hotel
272,Lata,PT,67.08200000000002,overcast clouds,40.1629,-8.3327,Casa Maquia
273,Bara,NG,77.93599999999998,few clouds,10.3744,10.7288,
274,Gaoua,BF,78.61999999999996,broken clouds,10.2992,-3.2508,
279,Biak,ID,76.58599999999997,light rain,-0.9131,122.8766,Penginapan Kim
286,Northam,GB,61.51999999999996,overcast clouds,51.0333,-4.2167,Durrant House Hotel
287,Puerto Baquerizo Moreno,EC,72.85999999999999,few clouds,-0.9,-89.6,Hotel los Algarrobos
288,Tallahassee,US,64.868,overcast clouds,30.4383,-84.2807,Four Points by Sheraton Tallahassee Downtown
289,Kangaba,ML,78.74600000000005,scattered clouds,11.9333,-8.4167,CAF (case de l´amitié et de la fraternité)
292,Adwa,ET,64.38200000000002,scattered clouds,14.1646,38.8955,Maay Assa Hotel
293,Camopi,GF,76.74800000000002,overcast clouds,3.1655,-52.3158,La pousada
294,Turayf,SA,73.868,clear sky,31.6725,38.6637,Turaif
297,Kalabo,ZM,78.18800000000005,overcast clouds,-14.97,22.6814,Sikakubete Guest House Kalabo Town Council
299,Natal,BR,77.91799999999998,broken clouds,-5.795,-35.2094,Villa Park Hotel | Natal
300,Balikpapan,ID,78.25999999999999,scattered clouds,-1.2675,116.8289,Swiss-Belhotel Balikpapan
303,Daryapur,IN,72.89600000000004,broken clouds,20.9333,77.3333,Adv Aditya Deshmukh
307,Bossangoa,CF,70.826,light rain,6.4926,17.4552,Hotel du tourisme
308,San Pedro,PH,78.29600000000005,scattered clouds,14.35,121.0167,Palines Apartment and Guesthouse
312,Iranshahr,IR,76.80199999999998,broken clouds,27.2025,60.6848,نیک سرشت
313,Dingle,PH,76.60399999999996,overcast clouds,10.9995,122.6711,SEGAYA PROPERTY
314,Tabou,CI,77.52200000000005,broken clouds,4.423,-7.3528,hotêl doufoulougou
316,Chuy,UY,60.98000000000005,overcast clouds,-33.6971,-53.4616,Nuevo Hotel Plaza
318,Kruisfontein,ZA,68.16199999999995,broken clouds,-34.0033,24.7314,Oyster Bay House Rental
325,Santiago,CL,69.54800000000003,clear sky,-33.4569,-70.6483,Hotel Panamericano
327,Tura,IN,67.73000000000005,clear sky,25.5198,90.2201,Hotel RIKMAN Continental
330,Mlonggo,ID,78.368,overcast clouds,-6.5333,110.7,Asia Metal Art
332,Carnarvon,AU,66.45199999999997,clear sky,-24.8667,113.6333,Hospitality Carnarvon
337,Moyale,KE,66.81199999999995,moderate rain,3.5167,39.0584,La Tahzan Guest House
340,Ramgarh,IN,69.87200000000004,few clouds,23.6333,85.5167,HOTEL TREAT RESIDENCY
342,Adeje,ES,70.95199999999997,clear sky,28.1227,-16.726,Gran Tacande Wellness & Relax
343,Almeria,ES,65.04800000000003,scattered clouds,37.1667,-2.3333,Casa Rural El Laurel
344,Humberto De Campos,BR,79.57400000000001,few clouds,-2.5983,-43.4611,Pousada do Cabeça
346,Mahon,ES,70.62799999999996,scattered clouds,39.8885,4.2658,ARTIEM Capri
347,Montepuez,MZ,68.93599999999998,broken clouds,-13.1256,38.9997,PembaAparthotel
348,Puerto Maldonado,PE,79.46600000000001,clear sky,-12.6,-69.1833,Wasai Hotel
349,Richards Bay,ZA,71.834,overcast clouds,-28.783,32.0377,BON Hotel Waterfront Richards Bay
350,South Lake Tahoe,US,72.87799999999996,clear sky,38.9332,-119.9844,Tahoe Lakeshore Lodge & Spa
351,Tabas,IR,72.01400000000004,clear sky,33.5959,56.9244,شرکت معماری مهراز شایگان آراد
352,Lyss,CH,61.79000000000002,clear sky,47.0741,7.3066,Krone
355,Itarema,BR,79.10600000000002,scattered clouds,-2.9248,-39.9167,"Sea Lounge! Bar, Club & Restaurant"
356,San Cristobal,VE,73.85,overcast clouds,7.7669,-72.225,Pirineos
357,Kati,ML,76.67599999999999,few clouds,12.7441,-8.0726,Lingot d’or
359,Codigoro,IT,61.32200000000004,clear sky,44.8311,12.1142,casa maria
360,Puerto Berrio,CO,78.80000000000001,overcast clouds,6.4916,-74.4033,Hotel Central
368,Catamarca,AR,70.86199999999997,few clouds,-28.4696,-65.7852,Amerian Catamarca Park Hotel
372,Clarence Town,AU,67.118,light rain,-32.5833,151.7833,River Downs Cottage
374,Isla Mujeres,MX,78.44000000000003,moderate rain,21.2311,-86.731,Hotel La Joya Isla Mujeres
377,Cururupu,BR,77.50399999999996,scattered clouds,-1.8283,-44.8683,POUSADA TRAVÉS'CIA
383,Ferrol,ES,66.542,light rain,43.4832,-8.2369,Hotel Spa Sercotel Odeón
390,Isangel,VU,78.54800000000003,scattered clouds,-19.55,169.2667,Tanna Lodge
392,Palmares Do Sul,BR,65.33599999999997,overcast clouds,-30.2578,-50.5097,Hotel Campos Dourados.
393,Ploemeur,FR,65.11999999999996,clear sky,47.7333,-3.4333,Best Western Plus Hotel Les Rives Du Ter
395,Nsoko,SZ,70.68200000000002,light rain,-27.0333,31.95,
396,Nishihara,JP,74.75,scattered clouds,26.1842,127.7558,Minshuku Agaihama
397,Kununurra,AU,79.05199999999998,broken clouds,-15.7667,128.7333,Hotel Kununurra
398,Pauini,BR,78.674,overcast clouds,-7.7136,-66.9764,Casa do Kiwliks
399,Matara,LK,76.74800000000002,overcast clouds,5.9485,80.5353,Amaloh Boutique Resort
402,Mitsamiouli,KM,75.36199999999997,clear sky,-11.3847,43.2844,Foyer ADM
403,Chiman,PK,68.75600000000003,clear sky,32.5463,73.8138,Master Muhammad zafar iqbal
406,Icod De Los Vinos,ES,75.46999999999997,clear sky,28.3724,-16.7119,Hotel El Patio
407,Sao Joao Da Barra,BR,77.35999999999999,scattered clouds,-21.6403,-41.0511,Pousada Porto De Canoas
408,Pakokku,MM,75.74000000000002,scattered clouds,21.3333,95.1,Royal Palace Motel
414,Meulaboh,ID,75.99199999999999,moderate rain,4.1363,96.1285,Kost Pria
416,Muswellbrook,AU,63.51799999999999,light rain,-32.2667,150.9,Wayfarer Motel
417,Bereda,ES,62.851999999999975,overcast clouds,43.2686,-7.5406,Pazo de Verdes
422,Kalengwa,ZM,69.87200000000004,overcast clouds,-13.4659,25.0027,
423,Poso,ID,76.67599999999999,overcast clouds,-1.3959,120.7524,Hotel 77 Poso
429,Agadir,MA,74.11999999999996,few clouds,30.4202,-9.5982,Iberostar Founty Beach
431,Along,IN,61.627999999999965,few clouds,28.1667,94.7667,Hotel West
433,Imbituba,BR,65.33599999999997,light rain,-28.24,-48.6703,Praia Hotel Imbituba
434,Vanimo,PG,77.77400000000002,overcast clouds,-2.6741,141.3028,Vahmoneh Lodge Vanimo
436,Dothan,US,60.58399999999999,clear sky,31.2232,-85.3905,Courtyard by Marriott Dothan
438,Paharpur,PK,75.14600000000004,clear sky,32.1038,70.9724,salem .T. Hotal
439,Bahia Blanca,AR,68.28800000000004,clear sky,-38.7196,-62.2724,Hotel Argos
443,Puerto Del Rosario,ES,73.41799999999998,clear sky,28.5004,-13.8627,Hotel JM Puerto del Rosario
444,Port Hardy,CA,66.65,broken clouds,50.6996,-127.4199,Airport Inn-Port Hardy
445,Gusau,NG,79.7,broken clouds,12.1628,6.6614,GUEST INN
450,Grand Gaube,MU,70.46600000000001,broken clouds,-20.0064,57.6608,Veranda Paul et Virginie Hotel & Spa
453,Necochea,AR,64.076,overcast clouds,-38.5473,-58.7368,dyd -mar Hotel
455,Amapa,BR,73.41799999999998,light rain,1.0,-52.0,
456,Pau Brasil,BR,71.31199999999995,broken clouds,-15.4642,-39.6511,Tina Hotel
457,Batemans Bay,AU,60.36799999999998,scattered clouds,-35.7167,150.1833,Batemans Bay Marina Resort
458,Irbil,IQ,78.74600000000005,clear sky,36.1926,44.0106,Erbil International Hotel
459,Moissala,TD,74.642,clear sky,8.3404,17.7663,
463,Ovar,PT,68.77400000000002,overcast clouds,40.8586,-8.6251,Aqua Hotel
464,Fare,PF,77.64800000000002,light rain,-16.7,-151.0167,Maitai Lapita Village Huahine
470,Kiama,AU,68.71999999999997,broken clouds,-34.6833,150.8667,The Sebel Kiama Harbourside
472,Presidencia Roque Saenz Pena,AR,76.44200000000001,clear sky,-26.7852,-60.4388,Hotel Gualok
477,Obo,CF,69.458,light rain,5.3998,26.4869,
478,Naples,IT,67.118,clear sky,40.8333,14.25,Renaissance Naples Hotel Mediterraneo
484,Carauari,BR,78.78200000000001,broken clouds,-4.8828,-66.8958,Hotel Fellip
485,Betania,CO,64.92200000000004,light rain,5.746,-75.9777,Finca Villa Atahualpa
486,Maamba,ZM,73.75999999999999,few clouds,-17.3667,27.15,
487,Tabuk,PH,74.20999999999998,overcast clouds,17.4189,121.4443,Golden Berries Hotel and Convention
488,Truro,GB,63.95,overcast clouds,50.2653,-5.0544,Mannings Hotel
489,Moron,AR,70.28599999999997,broken clouds,-34.6534,-58.6198,Hotel Morón
496,Palora,EC,79.17799999999997,moderate rain,-1.7,-77.9333,Rancho grande
497,Fukue,JP,63.21199999999996,clear sky,32.6881,128.8419,Goto Guesthouse Utojuku & SA Car Rental
498,Waddan,LY,71.88800000000005,overcast clouds,29.1614,16.139,محل الشريف محمد العايب
501,Gatton,AU,66.68599999999998,light rain,-27.55,152.2833,Room Motels Gatton
505,Bambous Virieux,MU,70.32200000000003,few clouds,-20.3428,57.7575,Casa Tia Villa
508,Boende,CD,70.934,light rain,-0.2167,20.8667,
512,Algiers,DZ,68.09000000000003,clear sky,36.7525,3.042,Sofitel Algiers Hamma Garden
513,Chapada Dos Guimaraes,BR,71.52799999999996,scattered clouds,-15.4606,-55.7497,Pousada Morro Dos Ventos
514,Pathein,MM,73.58000000000004,few clouds,16.7833,94.7333,Pathein Hotel
516,Hobyo,SO,78.06199999999995,overcast clouds,5.3505,48.5268,Halane Hotel and Restaurent
517,Palu,ID,76.15399999999995,overcast clouds,-0.8917,119.8707,Hotel Santika Palu
520,Taltal,CL,62.00600000000003,few clouds,-25.4,-70.4833,Residencial Karime
521,Rudbar,AF,70.25,scattered clouds,30.15,62.6,
522,Cabra,ES,73.65199999999999,overcast clouds,37.4725,-4.4421,MS Fuente Las Piedras
525,Naze,JP,70.98800000000006,overcast clouds,28.3667,129.4833,Shishime Hotel
526,Yaan,NG,76.226,overcast clouds,7.3833,8.5667,
528,Kinwat,IN,73.50800000000001,overcast clouds,19.6333,78.2,हॉटेल पायल बार &रेस्टोरंट
529,Cidreira,BR,65.28200000000001,overcast clouds,-30.1811,-50.2056,Hotel Castelo
535,Yamethin,MM,70.46600000000001,few clouds,20.4333,96.15,အလင်းရောင် ဘက်ထရီ
536,Padang,ID,75.52400000000002,overcast clouds,-0.9492,100.3543,Mercure Padang
537,Malangali,TZ,65.03000000000004,clear sky,-8.5667,34.85,
538,Kloulklubed,PW,79.57400000000001,broken clouds,7.0419,134.2556,Storyboard Beach Resort
542,Paredon,MX,79.01600000000002,overcast clouds,16.0333,-93.8667,Hotel Principal Paredon
545,Antalaha,MG,69.83599999999997,scattered clouds,-14.9003,50.2788,Hotel Vitasoa
547,Diego De Almagro,CL,69.674,clear sky,-26.3667,-70.05,hotel luna del desierto
548,Asfi,MA,71.22200000000004,broken clouds,32.2994,-9.2372,Hôtel Abda
549,Saldanha,ZA,60.56600000000001,broken clouds,-33.0117,17.9442,Blue Bay Lodge
550,Funadhoo,MV,78.92599999999999,moderate rain,6.15,73.2667,Dhaffalhu Tourist Lodge
552,Bafq,IR,70.25,overcast clouds,31.6128,55.4107,Alamdar Hotel
553,Ingraj Bazar,IN,72.15800000000002,few clouds,25.0,88.15,Hotel Samrat
554,Saint-Leu,RE,67.334,scattered clouds,-21.15,55.2833,La Caz Oceane
557,Lahij,YE,78.11600000000001,scattered clouds,13.1667,44.5833,
559,Beloha,MG,68.45,clear sky,-25.1667,45.05,
563,Kaeo,NZ,63.59000000000002,scattered clouds,-35.1,173.7833,Bushido Lodge
567,Alta Floresta,BR,79.01600000000002,overcast clouds,-9.8756,-56.0861,Floresta Amazonica Hotel
569,Dinan,FR,64.72400000000002,overcast clouds,48.4167,-2.25,Domaine de La Ville Heleuc
575,Sumbe,AO,74.73200000000003,broken clouds,-11.2061,13.8437,Hotel Ritz Sumbe
576,Karaton,ID,74.15600000000003,light rain,-6.3424,106.1045,Parkir Mobil Wisata CAS Water Park
577,Kananga,CD,68.84600000000006,broken clouds,-5.8958,22.4178,Guest House Wood Land
580,Maple Creek,CA,74.084,broken clouds,49.9168,-109.4848,Willowbend Campground & Cabins
581,Ravar,IR,69.31400000000004,overcast clouds,31.2656,56.8055,computertik
584,Yakima,US,77.80999999999997,clear sky,46.4665,-120.6678,
586,Tamandare,BR,75.88399999999999,scattered clouds,-8.7597,-35.1047,Pousada 100 Passos
588,Mwinilunga,ZM,66.05600000000004,overcast clouds,-11.7358,24.4293,Kwakuwahi Lodge
591,Malakal,SS,73.88599999999997,broken clouds,9.5334,31.6605,Nile Palace Hotel
593,Eyl,SO,78.61999999999996,scattered clouds,7.9803,49.8164,EYL AQUE SYSTEM
596,Bundaberg,AU,72.48200000000003,overcast clouds,-24.85,152.35,Takalvan Motel
597,Kuito,AO,61.214000000000034,overcast clouds,-12.3833,16.9333,Herdeiros de Antunes Capusso
599,Marawi,PH,70.50199999999998,overcast clouds,7.9986,124.2928,Derogongan Residence
600,Pitimbu,BR,77.86400000000003,few clouds,-7.4706,-34.8086,Reserva do Abiaí
603,Quang Ngai,VN,70.808,overcast clouds,15.1167,108.8,Central Hotel
605,Valleyview,CA,70.10600000000002,clear sky,55.0667,-117.2859,Paradise Inn & Suites
611,Pochutla,MX,75.29000000000002,light rain,15.7432,-96.4661,Hotel Posada San Jose
612,Rawson,AR,74.04800000000003,clear sky,-43.3002,-65.1023,Hosteria Sampedro
613,Ilhabela,BR,70.592,light rain,-23.7781,-45.3581,Ilha Flat Hotel
614,Gorontalo,ID,74.89399999999998,overcast clouds,0.5412,123.0595,Maqna Hotel by Prasanthi
616,Chinsali,ZM,68.95399999999995,scattered clouds,-10.5414,32.0816,Chisakatu Guest House
620,Sai Buri,TH,79.23200000000003,overcast clouds,6.7013,101.6168,สวนป่ารีสอร์ท
621,Gwadar,PK,79.60999999999999,broken clouds,25.1216,62.3254,Sadaf Resort
624,Dekar,BW,66.65,overcast clouds,-21.5333,21.9333,
625,Shahr-E Babak,IR,63.391999999999996,overcast clouds,30.1165,55.1186,سلاطین مس و نقره
626,San Quintin,MX,74.89399999999998,clear sky,30.4833,-115.95,Don Eddie's Sport Fishing Center
629,Gaya,IN,69.13399999999999,clear sky,24.7833,85.0,Hotel Viraat Inn Gaya
631,Marzuq,YE,68.41400000000004,clear sky,14.4,46.4667,حيد القفلة
639,Pendleton,US,77.88200000000002,clear sky,45.6721,-118.7886,Americas Best Value Inn Pendleton
642,Pontes E Lacerda,BR,75.27200000000005,broken clouds,-15.2261,-59.3353,Hotel Bressan
645,Rajauri,IN,60.85399999999996,clear sky,33.3833,74.3,Hotel Ashoka
652,Sankheda,IN,75.86600000000001,clear sky,22.1667,73.5833,Jalaram Bhojnalay
655,Ucluelet,CA,62.366000000000014,scattered clouds,48.9329,-125.5528,Black Rock Oceanfront Resort
656,Gamba,GA,77.82799999999997,overcast clouds,-2.65,10.0,
657,Saint-Joseph,RE,66.84800000000003,scattered clouds,-21.3667,55.6167,"""Plantation Bed and Breakfast"
658,Angoram,PG,74.13800000000005,overcast clouds,-4.0625,144.0661,
659,Chabahar,IR,79.7,few clouds,25.2919,60.643,هتل گدروشیا
660,Mount Isa,AU,78.83599999999997,few clouds,-20.7333,139.5,ibis Styles Mt Isa Verona
661,Athabasca,CA,72.28399999999999,few clouds,54.7169,-113.2854,Athabasca Lodge Motel
664,Kerrville,US,69.566,clear sky,30.0474,-99.1403,Inn Of The Hills Hotel & Conference Center
665,Jalu,LY,65.75,few clouds,29.0331,21.5482,صاحبة الفخامة
667,Cedar City,US,72.842,clear sky,37.6775,-113.0619,Hampton Inn Cedar City
668,Panzhihua,CN,60.87200000000004,overcast clouds,26.5851,101.7128,Electric Power Hotel
669,Arroyo,ES,64.868,clear sky,41.6096,-4.7969,Hotel El Jardín de la Abadía
674,Rosetta,EG,72.80600000000004,clear sky,31.4044,30.4164,Green Valley
678,Graaff-Reinet,ZA,73.184,overcast clouds,-32.2522,24.5308,Rietjiesbos Self Catering
680,Longhua,CN,66.63200000000002,overcast clouds,23.6137,114.1919,Huadu Hotel
682,Murray Bridge,AU,62.40199999999997,scattered clouds,-35.1167,139.2667,Balcony On Sixth Lodge
684,Oxapampa,PE,63.98599999999997,broken clouds,-10.5775,-75.4017,Hotel Heidinger
685,Mpanda,TZ,75.84800000000003,broken clouds,-6.3655,31.0409,CH Hotel - Mpanda
688,Tuxpan,MX,71.63599999999997,light rain,19.55,-103.4,Hotel y Restaurante Campestre La Cabaña
689,Afua,BR,79.12400000000002,overcast clouds,-0.1567,-50.3867,Hotel Dias
691,Ivaipora,BR,65.13800000000005,overcast clouds,-24.2478,-51.6847,Vilhar Palace Hotel
692,Adre,TD,78.31400000000004,clear sky,13.4667,22.2,
694,Dong Xoai,VN,71.78000000000004,scattered clouds,11.5333,106.9167,Khách Sạn Bình Phước - Khách Sạn Ngọc Lan
695,Buchanan,LR,77.684,overcast clouds,5.8808,-10.0467,Kamaneahn Hotel Inc
697,Gondanglegi,ID,75.21799999999999,overcast clouds,-7.7479,112.0132,pondok pesantren mamba'ul 'ulum selo rejo
