City_ID,City,Country,Lat,Lng,Max Temp,Humidity,Cloudiness,Wind Speed,Current Description
0,Mataura,NZ,-46.1927,168.8643,286.75,42,69,3.59,broken clouds
1,Santo Domingo,DO,18.5001,-69.9886,304.97,73,20,4.12,few clouds
2,Busselton,AU,-33.65,115.3333,285.46,82,3,3.67,clear sky
3,Thompson,CA,55.7435,-97.8558,281.24,42,75,4.63,broken clouds
4,Kyshtovka,RU,56.555,76.6271,276.71,93,95,3.48,overcast clouds
5,Hobart,AU,-42.8794,147.3294,287.07,82,75,3.6,broken clouds
6,Labuhan,ID,-6.8844,112.2051,298.5,87,100,3.11,moderate rain
7,Ribeira Grande,PT,38.5167,-28.7,289.69,63,100,3.58,overcast clouds
8,Cape Town,ZA,-33.9258,18.4232,291.43,86,0,5.14,clear sky
9,Myanaung,MM,18.2833,95.3167,295.47,89,0,2.23,clear sky
10,Faanui,PF,-16.4833,-151.75,298.36,79,30,7.05,light rain
11,Avarua,CK,-21.2078,-159.775,300.18,54,40,9.26,scattered clouds
12,Port Elizabeth,ZA,-33.918,25.5701,294.32,92,100,4.12,overcast clouds
13,Bam,IR,29.106,58.357,295.87,14,94,1.84,overcast clouds
14,Sitka,US,57.0531,-135.33,286.07,91,100,3.88,moderate rain
15,Butaritari,KI,3.0707,172.7902,300.74,75,86,7.9,overcast clouds
16,Iracoubo,GF,5.4802,-53.2011,300.01,81,100,4.47,overcast clouds
17,Mount Hagen,PG,-5.8581,144.2274,287.57,100,75,0.0,haze
18,Constitucion,CL,-35.3333,-72.4167,286.49,72,96,1.46,light rain
19,Kaitangata,NZ,-46.2817,169.8464,284.85,46,56,4.37,broken clouds
20,Kapaa,US,22.0752,-159.319,301.59,72,0,3.09,clear sky
21,Port Blair,IN,11.6667,92.75,299.17,94,75,1.03,mist
22,Jamestown,US,42.097,-79.2353,277.92,89,100,7.72,overcast clouds
23,Mildura,AU,-34.2,142.15,289.3,65,60,7.75,broken clouds
24,Kavieng,PG,-2.5744,150.7967,301.87,67,93,7.56,overcast clouds
25,Tasiilaq,GL,65.6145,-37.6368,273.09,89,98,1.1,overcast clouds
26,Lompoc,US,34.6391,-120.4579,299.59,55,0,5.66,clear sky
27,Mar Del Plata,AR,-38.0023,-57.5575,289.16,88,0,8.75,clear sky
28,Tiksi,RU,71.6872,128.8694,260.35,92,100,3.24,overcast clouds
29,Saskylakh,RU,71.9167,114.0833,265.87,86,100,6.43,overcast clouds
30,Takoradi,GH,4.8845,-1.7554,298.56,86,41,2.8,scattered clouds
31,Portland,US,45.5234,-122.6762,298.14,59,0,1.32,clear sky
32,Pandan,PH,14.0453,124.1694,299.47,84,100,1.37,overcast clouds
33,Dikson,RU,73.5069,80.5464,270.99,86,100,6.2,overcast clouds
34,Upernavik,GL,72.7868,-56.1549,271.42,71,100,7.08,overcast clouds
35,Ushuaia,AR,-54.8,-68.3,280.96,66,40,11.83,scattered clouds
36,Pisco,PE,-13.7,-76.2167,291.18,72,20,5.14,few clouds
37,Rudnogorsk,RU,57.2639,103.7519,273.11,97,100,3.17,light snow
38,Yar-Sale,RU,66.8333,70.8333,277.34,94,100,6.08,overcast clouds
39,Hermanus,ZA,-34.4187,19.2345,291.37,93,30,4.08,scattered clouds
40,Vila Velha,BR,-20.3297,-40.2925,297.12,87,75,5.14,broken clouds
41,Bluff,NZ,-46.6,168.3333,286.93,60,73,7.93,broken clouds
42,Vaini,TO,-21.2,-175.2,300.24,94,75,4.12,broken clouds
43,Ritchie,ZA,-29.038,24.6028,293.58,54,71,2.95,broken clouds
44,Punta Arenas,CL,-53.15,-70.9167,284.21,43,20,13.89,few clouds
45,Montrose,US,38.4166,-108.2673,287.82,18,0,2.3,clear sky
46,Atuona,PF,-9.8,-139.0333,297.96,68,2,6.06,clear sky
47,Muros,ES,42.7762,-9.0603,291.86,92,100,7.75,overcast clouds
48,Bathsheba,BB,13.2167,-59.5167,302.49,74,20,5.14,few clouds
49,Puerto Ayora,EC,-0.7393,-90.3518,297.13,83,51,2.24,broken clouds
50,Rikitea,PF,-23.1203,-134.9692,293.67,61,0,7.99,clear sky
51,Bredasdorp,ZA,-34.5322,20.0403,288.57,96,37,1.68,scattered clouds
52,Albany,US,42.6001,-73.9662,285.17,69,67,3.61,broken clouds
53,Touros,BR,-5.1989,-35.4608,298.68,79,67,7.42,broken clouds
54,Lorengau,PG,-2.0226,147.2712,301.98,66,100,5.3,overcast clouds
55,Sedan,FR,49.6667,5.0,287.99,86,98,2.29,overcast clouds
56,Poyarkovo,RU,49.6,128.6833,272.87,54,0,3.99,clear sky
57,Hofn,IS,64.2539,-15.2082,279.8,65,21,1.82,few clouds
58,Tarko-Sale,RU,64.9225,77.785,274.12,88,85,6.94,overcast clouds
59,Dryden,CA,49.7833,-92.7503,276.31,52,75,2.06,broken clouds
60,Brae,GB,60.3964,-1.353,279.46,70,17,3.36,few clouds
61,Paramonga,PE,-10.6667,-77.8333,290.86,79,18,4.93,few clouds
62,Ballina,AU,-28.8667,153.5667,293.16,90,100,3.32,moderate rain
63,Deputatskiy,RU,69.3,139.9,252.49,98,91,2.26,overcast clouds
64,Ketchikan,US,55.3422,-131.6461,287.41,94,100,7.72,heavy intensity rain
65,Kamenka,RU,51.3223,42.7678,283.84,63,100,6.27,overcast clouds
66,Aquiraz,BR,-3.9014,-38.3911,300.2,83,11,6.19,few clouds
67,Lar,IN,26.2039,83.9717,295.71,68,86,2.21,overcast clouds
68,Banjar,ID,-8.19,114.9675,297.75,90,100,1.28,overcast clouds
69,Airai,TL,-8.9266,125.4092,290.46,84,98,0.76,overcast clouds
70,Gladstone,AU,-23.85,151.25,294.11,88,100,3.6,light rain
71,Ilulissat,GL,69.2167,-51.1,273.8,99,100,2.69,light snow
72,Plettenberg Bay,ZA,-34.0527,23.3716,290.79,94,59,1.58,broken clouds
73,Matamoros,MX,25.5333,-103.25,293.21,57,100,6.39,overcast clouds
74,Xuddur,SO,4.1213,43.8894,295.72,81,94,5.35,overcast clouds
75,Provideniya,RU,64.3833,-173.3,272.24,86,100,1.0,overcast clouds
76,Lasa,IT,46.6166,10.7002,283.35,84,2,2.28,clear sky
77,Khatanga,RU,71.9667,102.5,272.51,85,100,10.02,light snow
78,Oktyabrskoye,RU,43.0645,44.7417,281.23,100,0,2.0,fog
79,Nome,US,64.5011,-165.4064,274.91,90,58,1.72,broken clouds
80,Saint-Philippe,RE,-21.3585,55.7679,293.92,78,56,4.33,broken clouds
81,Port Lincoln,AU,-34.7333,135.8667,289.49,78,1,5.45,clear sky
82,Rocha,UY,-34.4833,-54.3333,288.82,84,100,5.8,overcast clouds
83,Luderitz,NA,-26.6481,15.1594,289.09,84,22,5.21,few clouds
84,Egvekinot,RU,66.3167,-179.1667,265.96,95,100,3.45,snow
85,Kahului,US,20.8947,-156.47,303.69,67,2,3.13,clear sky
86,Masaguisi,PH,12.7545,121.4484,298.19,85,95,1.42,overcast clouds
87,Kodinsk,RU,58.6881,99.1844,273.1,93,100,2.4,overcast clouds
88,Kulhudhuffushi,MV,6.6221,73.07,298.51,89,100,7.28,moderate rain
89,Sao Miguel Do Araguaia,BR,-13.275,-50.1628,304.99,22,87,2.83,overcast clouds
90,Talnakh,RU,69.4865,88.3972,273.82,99,100,3.78,snow
91,Pacific Grove,US,36.6177,-121.9166,302.78,63,49,2.68,scattered clouds
92,Flinders,AU,-34.5833,150.8552,294.47,81,76,1.79,broken clouds
93,Longyearbyen,SJ,78.2186,15.6401,270.06,68,75,9.77,broken clouds
94,New Norfolk,AU,-42.7826,147.0587,286.88,58,80,0.89,broken clouds
95,Waimana,NZ,-38.15,177.0833,290.06,42,1,2.15,clear sky
96,Hambantota,LK,6.1241,81.1185,298.34,94,99,1.54,overcast clouds
97,Barrow,US,71.2906,-156.7887,270.16,80,100,5.14,overcast clouds
98,Aswan,EG,24.0934,32.907,298.9,31,9,6.91,clear sky
99,Mayuge,UG,0.4597,33.4803,291.99,92,99,0.23,overcast clouds
100,Den Helder,NL,52.9599,4.7593,285.92,85,100,1.54,overcast clouds
101,Price,US,39.5994,-110.8107,296.55,14,0,2.0,clear sky
102,Samana,DO,19.2056,-69.3369,299.58,84,10,2.91,clear sky
103,Bandarbeyla,SO,9.4942,50.8122,298.67,82,13,3.62,few clouds
104,Tuktoyaktuk,CA,69.4541,-133.0374,271.15,93,100,3.09,overcast clouds
105,Lavrentiya,RU,65.5833,-171.0,270.54,75,11,0.74,few clouds
106,Geraldton,AU,-28.7667,114.6,283.38,87,0,4.63,clear sky
107,Loukhi,RU,66.0764,33.0381,277.28,79,96,4.89,overcast clouds
108,Skole,UA,49.0372,23.5135,282.88,86,100,3.06,overcast clouds
109,Dauriya,RU,49.9333,116.8667,272.3,27,79,1.91,broken clouds
110,Pevek,RU,69.7008,170.3133,260.28,89,100,1.72,overcast clouds
111,Tatawin,TN,32.9297,10.4518,291.38,73,0,1.35,clear sky
112,Lac Du Bonnet,CA,50.2536,-96.0612,275.67,26,51,0.99,broken clouds
113,Qaanaaq,GL,77.484,-69.3632,259.28,91,98,1.81,overcast clouds
114,Esperance,AU,-33.8667,121.9,283.95,86,0,4.28,clear sky
115,Chokurdakh,RU,70.6333,147.9167,257.8,98,97,2.14,overcast clouds
116,Ladario,BR,-19.0047,-57.6017,297.55,87,93,3.15,overcast clouds
117,Emerald,AU,-23.5333,148.1667,295.23,100,100,5.14,light rain
118,Vila Franca Do Campo,PT,37.7167,-25.4333,290.38,61,100,8.0,overcast clouds
119,East London,ZA,-33.0153,27.9116,294.15,91,99,1.94,overcast clouds
120,Duku,NG,11.2361,4.9073,298.13,47,12,1.97,few clouds
121,Nanortalik,GL,60.1432,-45.2371,277.54,87,100,5.58,light rain
122,Ponca City,US,36.707,-97.0856,285.31,18,0,0.45,clear sky
123,Victoria,HK,22.2855,114.1577,295.0,59,99,7.15,overcast clouds
124,Todos Santos,MX,23.45,-110.2167,303.32,71,4,3.51,clear sky
125,Souillac,MU,-20.5167,57.5167,294.36,78,20,4.12,few clouds
126,Cabo San Lucas,MX,22.8909,-109.9124,302.69,67,34,2.33,scattered clouds
127,Port-Gentil,GA,-0.7193,8.7815,299.13,94,40,3.09,scattered clouds
128,Olafsvik,IS,64.8945,-23.7142,280.16,79,99,7.4,overcast clouds
129,Nakhon Nayok,TH,14.1667,101.1,295.36,78,88,1.92,overcast clouds
130,Mao,ES,39.8885,4.2658,294.46,94,40,2.06,scattered clouds
131,Peniche,PT,39.3558,-9.3811,293.77,92,98,8.2,overcast clouds
132,Ambon,ID,-3.6954,128.1814,298.23,94,20,2.57,few clouds
133,Cherskiy,RU,68.75,161.3,259.11,85,100,2.89,overcast clouds
134,Odweyne,SO,9.4092,45.064,294.53,50,56,2.16,broken clouds
135,Aasiaat,GL,68.7098,-52.8699,273.9,99,100,2.19,light snow
136,Opunake,NZ,-39.4556,173.8583,285.16,61,83,7.59,broken clouds
137,Lebu,CL,-37.6167,-73.65,286.08,78,57,3.69,broken clouds
138,Barcelos,PT,41.5388,-8.6151,293.23,89,100,5.05,overcast clouds
139,Torbay,CA,47.6666,-52.7314,284.68,96,95,3.13,overcast clouds
140,Antofagasta,CL,-23.65,-70.4,288.88,74,26,3.13,scattered clouds
141,Teguldet,RU,57.3064,88.1667,275.94,96,100,2.64,overcast clouds
142,Inuvik,CA,68.3499,-133.7218,271.57,100,100,2.06,mist
143,Inhambane,MZ,-23.865,35.3833,295.6,81,28,3.72,scattered clouds
144,Komsomolskiy,UZ,40.4272,71.7189,285.98,77,100,2.47,light rain
145,Saint Pete Beach,US,27.7253,-82.7412,296.58,62,100,6.69,overcast clouds
146,Klaksvik,FO,62.2266,-6.589,277.66,68,95,3.91,overcast clouds
147,Araouane,ML,18.9048,-3.5265,304.72,14,96,3.77,overcast clouds
148,Castro,BR,-24.7911,-50.0119,288.01,99,100,1.83,overcast clouds
149,Nikolskoye,RU,59.7035,30.7861,280.09,91,100,2.23,overcast clouds
150,Nhulunbuy,AU,-12.2333,136.7667,299.49,83,40,0.0,scattered clouds
151,Yellowknife,CA,62.456,-114.3525,283.46,61,27,5.36,scattered clouds
152,Tilichiki,RU,60.4667,166.1,275.1,84,76,6.1,broken clouds
153,Tuatapere,NZ,-46.1333,167.6833,284.67,52,79,3.26,broken clouds
154,Hithadhoo,MV,-0.6,73.0833,300.29,71,100,3.64,overcast clouds
155,Santa Maria,BR,-29.6842,-53.8069,291.75,85,37,3.0,scattered clouds
156,Autazes,BR,-3.5797,-59.1306,297.51,86,98,0.89,light rain
157,Payakumbuh,ID,-0.2202,100.6308,293.81,93,100,1.58,overcast clouds
158,Cabatuan,PH,10.8794,122.486,297.88,89,89,1.63,overcast clouds
159,Avera,US,33.194,-82.5271,287.9,28,49,6.35,scattered clouds
160,Grindavik,IS,63.8424,-22.4338,279.41,81,100,4.63,overcast clouds
161,Davlekanovo,RU,54.2215,55.0343,279.82,82,100,6.2,light rain
162,Atocha,BO,-20.9333,-66.2333,286.81,4,0,8.55,clear sky
163,Alofi,NU,-19.0595,-169.9187,298.06,72,100,7.03,overcast clouds
164,Santa Lucia,ES,27.9117,-15.5407,291.77,78,0,5.14,clear sky
165,Yasnyy,RU,51.0333,59.8742,277.3,68,80,5.8,broken clouds
166,Huarmey,PE,-10.0681,-78.1522,291.81,76,32,4.95,scattered clouds
167,Half Moon Bay,US,37.4636,-122.4286,303.05,59,75,3.09,broken clouds
168,Pitanga,BR,-24.7572,-51.7614,289.83,99,100,1.76,light rain
169,Manyana,BW,-23.4,21.7167,292.32,56,67,5.66,broken clouds
170,Port Macquarie,AU,-31.4333,152.9167,291.98,76,100,3.92,light rain
171,Saint George,US,37.1041,-113.5841,302.73,20,0,2.57,clear sky
172,Ixtapa,MX,20.7,-105.2,303.28,74,60,2.68,broken clouds
173,Dongsheng,CN,39.8161,109.9776,278.47,44,0,4.23,clear sky
174,Rudsar,IR,37.1376,50.288,291.84,84,98,2.56,light rain
175,Port Alfred,ZA,-33.5906,26.891,292.69,94,75,0.89,broken clouds
176,Bengkulu,ID,-3.8004,102.2655,296.64,90,100,1.81,light rain
177,Katangli,RU,51.7102,143.2326,272.91,68,9,8.92,clear sky
178,San Fernando,PH,15.0286,120.6898,297.14,96,99,2.14,light rain
179,Yeppoon,AU,-23.1333,150.7333,295.03,80,99,3.48,overcast clouds
180,Tres Lagoas,BR,-20.7511,-51.6783,295.06,81,100,3.46,moderate rain
181,Pushkino,RU,56.0172,37.8667,280.31,84,100,2.85,overcast clouds
182,Rongcheng,CN,30.634,117.8517,280.67,61,0,1.78,clear sky
183,Valpoi,IN,15.5305,74.1356,296.37,97,84,1.05,broken clouds
184,Fort Nelson,CA,58.8053,-122.7002,290.45,40,100,3.48,overcast clouds
185,Hadishahr,AZ,38.8431,45.6635,286.42,76,14,2.52,few clouds
186,Manzhouli,CN,49.6,117.4333,272.62,32,99,1.63,overcast clouds
187,Coihaique,CL,-45.5752,-72.0662,291.49,36,20,4.63,few clouds
188,Hilo,US,19.7297,-155.09,304.97,71,40,4.12,scattered clouds
189,Sayansk,RU,54.1088,102.1648,273.24,92,67,1.12,broken clouds
190,Ahipara,NZ,-35.1667,173.1667,288.95,56,42,5.84,scattered clouds
191,Salalah,OM,17.0151,54.0924,296.2,56,0,1.03,clear sky
192,Omboue,GA,-1.5746,9.2618,297.85,92,100,3.33,moderate rain
193,Naro-Fominsk,RU,55.3875,36.7331,281.35,87,100,1.78,overcast clouds
194,Lagoa,PT,39.05,-27.9833,290.41,59,100,13.96,light rain
195,Orikhove,UA,45.1294,33.6318,284.7,64,1,0.94,clear sky
196,Hervey Bay,AU,-25.2986,152.8535,293.72,86,100,4.02,light rain
197,Arraial Do Cabo,BR,-22.9661,-42.0278,295.6,90,100,9.71,overcast clouds
198,Bogorodskoye,RU,56.55,37.8833,278.67,90,100,3.11,overcast clouds
199,Halifax,CA,44.6453,-63.5724,290.2,93,82,4.47,broken clouds
200,Gweru,ZW,-19.45,29.8167,292.29,40,57,4.74,broken clouds
201,Harstad,NO,68.799,16.5293,277.12,100,99,4.06,overcast clouds
202,Acapulco,MX,16.8634,-99.8901,302.05,74,100,2.57,light rain
203,Arman,RU,59.7,150.1667,269.83,50,100,4.59,light snow
204,Rio Grande,BR,-32.035,-52.0986,291.21,91,100,8.93,overcast clouds
205,Puerto Narino,CO,-3.7703,-70.3831,299.94,83,93,0.46,overcast clouds
206,Pierre,US,44.3683,-100.351,282.66,21,0,2.06,clear sky
207,San Patricio,US,28.017,-97.5169,296.09,27,100,3.89,overcast clouds
208,Saint-Pierre,RE,-21.3393,55.4781,293.97,78,75,2.06,broken clouds
209,Ponta Do Sol,PT,32.6667,-17.1,296.49,75,93,4.56,overcast clouds
210,Husavik,IS,66.0449,-17.3389,274.95,79,82,4.64,broken clouds
211,Port Moresby,PG,-9.4431,147.1797,299.81,80,100,1.67,overcast clouds
212,Caravelas,BR,-17.7125,-39.2481,296.98,80,23,3.07,few clouds
213,Wolbrom,PL,50.3796,19.7583,285.86,92,95,3.83,overcast clouds
214,Hami,CN,42.8,93.45,285.13,24,92,1.26,overcast clouds
215,Zhigansk,RU,66.7697,123.3711,264.08,95,100,3.36,light snow
216,Alice Springs,AU,-23.7,133.8833,290.9,68,0,2.57,clear sky
217,Bilibino,RU,68.0546,166.4372,260.13,89,100,4.16,overcast clouds
218,San Carlos Del Zulia,VE,9.0,-71.9135,301.9,71,87,2.79,overcast clouds
219,Bondo,CD,3.8146,23.6866,293.8,98,87,1.12,light rain
220,Cam Ranh,VN,11.9214,109.1591,296.13,88,20,1.03,few clouds
221,Eureka,US,40.8021,-124.1637,293.82,76,29,2.24,scattered clouds
222,Georgetown,MY,5.4112,100.3354,300.11,90,20,0.0,few clouds
223,Domoni,KM,-12.2569,44.5319,296.76,81,40,2.94,scattered clouds
224,Namtsy,RU,62.7161,129.6658,264.34,96,100,1.59,overcast clouds
225,Hammerfest,NO,70.6634,23.6821,277.4,75,75,5.14,broken clouds
226,Fomboni,KM,-12.28,43.7425,297.66,78,2,4.72,clear sky
227,Svetlyy,RU,54.675,20.1347,286.18,82,46,8.13,scattered clouds
228,Utica,US,43.1009,-75.2327,282.86,70,83,2.36,broken clouds
229,Severo-Kurilsk,RU,50.6789,156.125,278.13,70,45,15.06,light rain
230,Coahuayana,MX,18.7333,-103.6833,301.56,74,100,1.31,overcast clouds
231,Ko Samui,TH,9.5357,99.9357,299.77,78,100,3.11,overcast clouds
232,Vardo,NO,70.3705,31.1107,276.14,87,100,6.69,overcast clouds
233,Sept-Iles,CA,50.2001,-66.3821,282.44,97,100,10.29,moderate rain
234,Adrar,MR,20.5022,-10.0711,304.14,13,100,4.82,overcast clouds
235,Fuerte Olimpo,PY,-21.0415,-57.8738,295.11,98,83,1.39,broken clouds
236,Juneau,US,58.3019,-134.4197,284.87,100,100,7.2,moderate rain
237,Jinchang,CN,38.4953,102.1739,282.09,32,27,2.34,scattered clouds
238,Yarada,IN,17.65,83.2667,299.46,78,78,3.1,broken clouds
239,Aklavik,CA,68.2191,-135.0107,271.15,93,100,1.03,fog
240,Quatre Cocos,MU,-20.2078,57.7625,294.21,77,45,6.37,scattered clouds
241,Dunedin,NZ,-45.8742,170.5036,285.35,45,37,2.11,scattered clouds
242,Kenai,US,60.5544,-151.2583,281.01,81,100,6.69,overcast clouds
243,Tromso,NO,69.6496,18.957,277.16,87,100,3.09,overcast clouds
244,Mahebourg,MU,-20.4081,57.7,294.31,78,20,4.12,few clouds
245,Shingu,JP,33.7333,135.9833,286.81,69,59,2.18,broken clouds
246,Mocuba,MZ,-16.8392,36.9856,295.49,87,7,1.63,clear sky
247,Phimai,TH,15.2232,102.4947,291.19,81,68,2.77,broken clouds
248,Khovu-Aksy,RU,51.1333,93.6,273.52,97,79,2.62,light snow
249,Tsiroanomandidy,MG,-18.7667,46.0333,296.16,40,99,3.28,overcast clouds
250,San Ignacio,BZ,17.1561,-89.0714,304.23,74,0,0.0,light rain
251,Ostrovnoy,RU,68.0531,39.5131,277.61,67,100,12.75,overcast clouds
252,Arcata,US,40.8665,-124.0828,293.82,79,100,2.24,fog
253,Morondava,MG,-20.2833,44.2833,298.08,80,37,2.81,scattered clouds
254,Abu Zabad,SD,12.35,29.25,300.6,34,10,2.42,clear sky
255,North Branch,US,45.5113,-92.9802,280.39,47,0,1.79,clear sky
256,Margate,GB,51.3813,1.3862,288.65,81,100,2.24,overcast clouds
257,Mount Gambier,AU,-37.8333,140.7667,288.34,74,0,0.94,clear sky
258,Fortuna,US,40.5982,-124.1573,293.67,71,0,6.17,clear sky
259,Rock Springs,US,41.5875,-109.2029,292.84,20,0,2.06,clear sky
260,Mashhad,IR,36.297,59.6062,286.23,67,75,3.09,broken clouds
261,Bethel,US,41.3712,-73.414,285.34,62,0,2.06,clear sky
262,Camacha,PT,33.0833,-16.3333,293.83,83,20,3.6,few clouds
263,Jiaojiang,CN,28.6803,121.4428,283.18,84,4,3.4,clear sky
264,Nantucket,US,41.2835,-70.0995,290.21,81,100,2.57,overcast clouds
265,Kodiak,US,57.79,-152.4072,281.88,76,100,5.66,light rain
266,Leh,IN,34.1667,77.5833,272.66,72,90,1.06,overcast clouds
267,Manavalakurichi,IN,8.1333,77.3,297.46,93,100,5.68,overcast clouds
268,Hohhot,CN,40.8106,111.6522,277.61,34,0,0.83,clear sky
269,Leiyang,CN,26.4024,112.8591,284.35,44,59,1.21,broken clouds
270,Shu,KZ,43.5983,73.7614,281.27,77,53,1.66,broken clouds
271,Tateyama,JP,34.9833,139.8667,288.76,81,100,7.82,overcast clouds
272,Lata,PT,40.1629,-8.3327,292.49,91,100,2.84,overcast clouds
273,Bara,NG,10.3744,10.7288,298.52,40,13,0.44,few clouds
274,Gaoua,BF,10.2992,-3.2508,298.9,50,73,1.44,broken clouds
275,Katsuura,JP,35.1333,140.3,287.39,84,100,9.11,overcast clouds
276,Altoona,US,40.5187,-78.3947,280.18,69,83,1.79,broken clouds
277,Fallon,US,39.4735,-118.7774,300.33,12,100,1.74,overcast clouds
278,Marienburg,PL,54.0359,19.0266,284.84,76,40,5.38,scattered clouds
279,Biak,ID,-0.9131,122.8766,297.77,88,100,0.43,light rain
280,Xihua,CN,33.7833,114.5167,282.58,32,0,3.15,clear sky
281,Auki,SB,-8.7676,160.7034,302.24,66,28,1.55,scattered clouds
282,Aksu,CN,41.1231,80.2644,286.09,20,95,1.0,overcast clouds
283,Ziarat,PK,30.3823,67.7282,284.11,26,20,3.24,few clouds
284,Kirakira,SB,-10.4544,161.9205,302.33,71,39,2.95,scattered clouds
285,Vetlanda,SE,57.4289,15.0776,279.33,88,72,3.04,broken clouds
286,Northam,GB,51.0333,-4.2167,289.4,87,100,10.36,overcast clouds
287,Puerto Baquerizo Moreno,EC,-0.9,-89.6,295.7,73,20,6.17,few clouds
288,Tallahassee,US,30.4383,-84.2807,291.26,31,100,0.89,overcast clouds
289,Kangaba,ML,11.9333,-8.4167,298.97,54,26,1.28,scattered clouds
290,Baykit,RU,61.67,96.37,272.95,86,98,2.58,overcast clouds
291,Pangody,RU,65.85,74.4859,276.8,97,100,7.89,overcast clouds
292,Adwa,ET,14.1646,38.8955,290.99,53,41,2.27,scattered clouds
293,Camopi,GF,3.1655,-52.3158,297.86,82,100,1.02,overcast clouds
294,Turayf,SA,31.6725,38.6637,296.26,32,0,3.48,clear sky
295,Petropavlovsk-Kamchatskiy,RU,53.0452,158.6483,277.48,45,20,9.0,few clouds
296,Leningradskiy,RU,69.3833,178.4167,259.6,82,25,2.83,scattered clouds
297,Kalabo,ZM,-14.97,22.6814,298.66,30,85,1.66,overcast clouds
298,Mayskiy,RU,47.6931,40.1025,279.82,51,21,2.6,few clouds
299,Natal,BR,-5.795,-35.2094,298.51,94,75,3.09,broken clouds
300,Balikpapan,ID,-1.2675,116.8289,298.7,100,40,1.54,scattered clouds
301,Goderich,CA,43.7501,-81.7165,279.77,82,100,7.38,moderate rain
302,Herat,AF,34.5,62.0,286.65,54,4,5.15,clear sky
303,Daryapur,IN,20.9333,77.3333,295.72,91,56,2.76,broken clouds
304,Chernyshevskiy,RU,63.0128,112.4714,268.22,93,93,3.68,overcast clouds
305,Ordynskoye,RU,54.3656,81.8994,275.11,81,91,3.26,overcast clouds
306,Shelburne,CA,44.0787,-80.2041,276.99,91,100,5.0,overcast clouds
307,Bossangoa,CF,6.4926,17.4552,294.57,95,94,0.97,light rain
308,San Pedro,PH,14.35,121.0167,298.72,91,40,1.54,scattered clouds
309,Norman Wells,CA,65.282,-126.8329,277.9,96,84,0.86,broken clouds
310,Matagami,CA,49.7502,-77.6328,279.21,100,100,4.63,mist
311,Amga,RU,60.8953,131.9608,263.15,98,99,0.99,overcast clouds
312,Iranshahr,IR,27.2025,60.6848,297.89,13,81,1.69,broken clouds
313,Dingle,PH,10.9995,122.6711,297.78,92,97,1.58,overcast clouds
314,Tabou,CI,4.423,-7.3528,298.29,87,76,2.27,broken clouds
315,Lalibela,ET,12.0333,39.0333,286.95,60,63,3.0,broken clouds
316,Chuy,UY,-33.6971,-53.4616,289.1,85,98,6.32,overcast clouds
317,Morehead,US,37.2711,-87.1764,283.14,42,40,3.6,scattered clouds
318,Kruisfontein,ZA,-34.0033,24.7314,293.09,99,58,1.17,broken clouds
319,Birobidzhan,RU,48.8,132.95,273.4,65,0,3.07,clear sky
320,Gornopravdinsk,RU,60.05,69.9,277.45,91,95,3.44,overcast clouds
321,Sinnamary,GF,5.3833,-52.95,299.86,82,100,4.15,overcast clouds
322,Gayny,RU,60.3071,54.3241,276.65,86,99,2.29,overcast clouds
323,Sterling,US,39.0062,-77.4286,284.01,51,75,6.17,broken clouds
324,Tazovskiy,RU,67.4667,78.7,275.77,94,100,7.27,overcast clouds
325,Santiago,CL,-33.4569,-70.6483,293.86,40,0,7.2,clear sky
326,Turukhansk,RU,65.8167,87.9833,273.6,99,100,4.19,light snow
327,Tura,IN,25.5198,90.2201,292.85,87,0,2.0,clear sky
328,Evensk,RU,61.95,159.2333,266.47,80,91,10.07,overcast clouds
329,Fetesti,RO,44.3833,27.8333,285.68,86,0,2.35,clear sky
330,Mlonggo,ID,-6.5333,110.7,298.76,82,100,2.52,overcast clouds
331,Puerto Colombia,CO,10.9878,-74.9547,302.2,77,33,1.9,light rain
332,Carnarvon,AU,-24.8667,113.6333,292.14,82,0,4.68,clear sky
333,Rozkishne,UA,48.5074,39.3004,283.4,48,44,3.19,scattered clouds
334,Mehamn,NO,71.0357,27.8492,278.1,60,75,5.66,broken clouds
335,Mytishchi,RU,55.9089,37.7339,281.65,93,100,2.87,overcast clouds
336,Yatou,CN,37.15,122.3833,281.87,56,0,1.89,clear sky
337,Moyale,KE,3.5167,39.0584,292.34,84,67,3.25,moderate rain
338,Gejiu,CN,23.306,103.1635,277.7,60,50,2.21,scattered clouds
339,Bud,US,39.447,-86.1758,280.31,62,98,6.23,overcast clouds
340,Ramgarh,IN,23.6333,85.5167,294.04,79,22,1.87,few clouds
341,Noumea,NC,-22.2763,166.4572,300.14,99,55,5.96,broken clouds
342,Adeje,ES,28.1227,-16.726,294.64,80,0,3.09,clear sky
343,Almeria,ES,37.1667,-2.3333,291.36,54,43,0.61,scattered clouds
344,Humberto De Campos,BR,-2.5983,-43.4611,299.43,75,16,3.52,few clouds
345,Polunochnoye,RU,60.8697,60.4153,276.06,95,100,2.15,overcast clouds
346,Mahon,ES,39.8885,4.2658,294.46,94,40,2.06,scattered clouds
347,Montepuez,MZ,-13.1256,38.9997,293.52,77,53,2.34,broken clouds
348,Puerto Maldonado,PE,-12.6,-69.1833,299.37,83,0,2.57,clear sky
349,Richards Bay,ZA,-28.783,32.0377,295.13,91,100,2.76,overcast clouds
350,South Lake Tahoe,US,38.9332,-119.9844,295.71,29,0,1.54,clear sky
351,Tabas,IR,33.5959,56.9244,295.23,22,7,3.27,clear sky
352,Lyss,CH,47.0741,7.3066,289.55,87,4,0.0,clear sky
353,Hasaki,JP,35.7333,140.8333,286.6,64,100,9.09,overcast clouds
354,Baruun-Urt,MN,46.6806,113.2792,274.78,26,9,5.17,clear sky
355,Itarema,BR,-2.9248,-39.9167,299.17,80,30,7.76,scattered clouds
356,San Cristobal,VE,7.7669,-72.225,296.25,94,94,0.91,overcast clouds
357,Kati,ML,12.7441,-8.0726,297.82,41,24,1.52,few clouds
358,Vajszlo,HU,45.8596,17.9841,286.77,50,0,1.62,clear sky
359,Codigoro,IT,44.8311,12.1142,289.29,67,0,1.05,clear sky
360,Puerto Berrio,CO,6.4916,-74.4033,299.0,83,100,0.83,overcast clouds
361,Port Augusta,AU,-32.5,137.7667,288.04,79,100,5.96,moderate rain
362,Dzhebariki-Khaya,RU,62.2167,135.8,254.36,100,99,0.13,overcast clouds
363,Saint Anthony,US,45.0205,-93.218,279.78,39,0,6.69,clear sky
364,Boden,SE,65.8252,21.6886,272.15,83,8,1.86,clear sky
365,Pelym,RU,61.0108,61.9978,277.52,92,100,3.07,overcast clouds
366,Berlevag,NO,70.8578,29.0864,278.12,75,100,10.29,overcast clouds
367,Yerofey Pavlovich,RU,53.9667,121.9667,268.7,87,96,0.75,overcast clouds
368,Catamarca,AR,-28.4696,-65.7852,294.59,58,14,2.68,few clouds
369,Coquimbo,CL,-29.9533,-71.3436,287.0,76,0,5.66,clear sky
370,Havre-Saint-Pierre,CA,50.2334,-63.5986,283.35,93,100,6.69,light rain
371,Honiara,SB,-9.4333,159.95,302.28,70,69,2.53,broken clouds
372,Clarence Town,AU,-32.5833,151.7833,292.51,85,100,1.3,light rain
373,Poronaysk,RU,49.2167,143.1167,276.06,60,6,5.29,clear sky
374,Isla Mujeres,MX,21.2311,-86.731,298.8,79,100,3.05,moderate rain
375,Gazanjyk,TM,39.2446,55.5154,284.52,75,92,3.03,overcast clouds
376,San Jose,US,37.3394,-121.895,303.95,42,75,3.09,broken clouds
377,Cururupu,BR,-1.8283,-44.8683,298.28,81,31,1.85,scattered clouds
378,Asau,RO,46.4333,26.4,279.66,62,88,3.0,overcast clouds
379,Maniitsoq,GL,65.4167,-52.9,275.78,98,100,10.55,moderate rain
380,Vostok,RU,46.4856,135.8833,270.31,78,5,2.29,clear sky
381,La Ronge,CA,55.1001,-105.2842,288.38,44,92,2.91,overcast clouds
382,Yashalta,RU,46.3395,42.2762,283.45,75,11,1.69,few clouds
383,Ferrol,ES,43.4832,-8.2369,292.19,94,74,2.78,light rain
384,Gazojak,TM,41.1875,61.4036,284.87,39,100,5.14,overcast clouds
385,Chara,RU,56.9064,118.2631,270.18,74,100,0.68,overcast clouds
386,Usinsk,RU,65.9939,57.5281,276.52,97,100,5.94,overcast clouds
387,Buala,SB,-8.145,159.5921,301.92,73,57,3.24,light rain
388,Whitehorse,CA,60.7161,-135.0538,279.83,86,100,2.24,overcast clouds
389,Kirksville,US,40.1948,-92.5833,280.4,35,0,5.66,clear sky
390,Isangel,VU,-19.55,169.2667,298.86,77,26,5.44,scattered clouds
391,Palana,RU,59.1167,159.9667,270.5,97,100,18.38,snow
392,Palmares Do Sul,BR,-30.2578,-50.5097,291.52,93,100,6.53,overcast clouds
393,Ploemeur,FR,47.7333,-3.4333,291.4,93,0,5.14,clear sky
394,Tiznit,MA,29.5833,-9.5,299.83,25,4,4.02,clear sky
395,Nsoko,SZ,-27.0333,31.95,294.49,90,100,0.82,light rain
396,Nishihara,JP,26.1842,127.7558,296.75,69,40,10.8,scattered clouds
397,Kununurra,AU,-15.7667,128.7333,299.14,78,76,0.0,broken clouds
398,Pauini,BR,-7.7136,-66.9764,298.93,78,93,1.42,overcast clouds
399,Matara,LK,5.9485,80.5353,297.86,90,100,4.68,overcast clouds
400,Ligayan,PH,4.6533,119.4706,301.21,73,100,2.48,heavy intensity rain
401,Tessalit,ML,20.1986,1.0114,301.18,22,13,5.38,few clouds
402,Mitsamiouli,KM,-11.3847,43.2844,297.09,77,1,4.12,clear sky
403,Chiman,PK,32.5463,73.8138,293.42,54,0,2.33,clear sky
404,Fairbanks,US,64.8378,-147.7164,279.22,77,0,1.54,clear sky
405,Krasnyy Yar,RU,46.5331,48.3456,279.11,49,25,4.14,scattered clouds
406,Icod De Los Vinos,ES,28.3724,-16.7119,297.15,87,5,2.14,clear sky
407,Sao Joao Da Barra,BR,-21.6403,-41.0511,298.2,88,31,6.62,scattered clouds
408,Pakokku,MM,21.3333,95.1,297.3,92,49,1.92,scattered clouds
409,Sioux Lookout,CA,50.1001,-91.917,275.29,59,83,2.78,broken clouds
410,Te Anau,NZ,-45.4167,167.7167,282.6,63,79,3.01,heavy intensity rain
411,Jiexiu,CN,37.0244,111.9125,283.04,34,0,0.74,clear sky
412,Iqaluit,CA,63.7506,-68.5145,268.0,79,75,4.12,broken clouds
413,Caucaia,BR,-3.7361,-38.6531,300.12,78,40,5.66,scattered clouds
414,Meulaboh,ID,4.1363,96.1285,297.44,87,100,0.91,moderate rain
415,Waingapu,ID,-9.6567,120.2641,300.35,80,100,1.13,moderate rain
416,Muswellbrook,AU,-32.2667,150.9,290.51,95,100,0.49,light rain
417,Bereda,ES,43.2686,-7.5406,290.14,83,100,1.28,overcast clouds
418,Ancud,CL,-41.8697,-73.8203,285.41,77,61,2.55,broken clouds
419,San Miguel,SV,13.4833,-88.1833,300.9,88,78,1.51,broken clouds
420,The Valley,AI,18.217,-63.0578,301.38,78,20,2.57,few clouds
421,Aksarayskiy,RU,46.7924,48.0119,283.22,48,34,4.52,scattered clouds
422,Kalengwa,ZM,-13.4659,25.0027,294.04,26,93,1.69,overcast clouds
423,Poso,ID,-1.3959,120.7524,297.82,90,100,2.25,overcast clouds
424,Tigil,RU,57.8,158.6667,270.36,95,100,3.41,light snow
425,Beisfjord,NO,68.3751,17.5988,278.73,96,99,1.57,overcast clouds
426,Yulara,AU,-25.2406,130.9889,288.43,66,0,5.41,clear sky
427,Balykshi,KZ,47.0667,51.8667,281.15,76,0,4.0,clear sky
428,Okahandja,NA,-21.9833,16.9167,294.56,48,19,3.04,few clouds
429,Agadir,MA,30.4202,-9.5982,296.4,43,16,2.66,few clouds
430,South River,US,40.4465,-74.386,286.56,56,6,0.89,clear sky
431,Along,IN,28.1667,94.7667,289.46,93,20,0.99,few clouds
432,Iwanai,JP,42.9744,140.5089,282.02,60,99,5.78,overcast clouds
433,Imbituba,BR,-28.24,-48.6703,291.52,95,100,1.53,light rain
434,Vanimo,PG,-2.6741,141.3028,298.43,90,100,2.66,overcast clouds
435,Beringovskiy,RU,63.05,179.3167,276.85,92,100,16.05,moderate rain
436,Dothan,US,31.2232,-85.3905,288.88,30,0,5.14,clear sky
437,Derzhavinsk,KZ,51.1,66.3167,278.29,58,89,5.34,overcast clouds
438,Paharpur,PK,32.1038,70.9724,296.97,28,0,3.42,clear sky
439,Bahia Blanca,AR,-38.7196,-62.2724,293.16,45,9,2.24,clear sky
440,Guangyuan,CN,32.442,105.823,287.18,83,13,1.11,few clouds
441,Norrtalje,SE,59.758,18.705,279.27,78,22,4.53,few clouds
442,Chanute,US,37.6792,-95.4572,282.21,21,0,4.63,clear sky
443,Puerto Del Rosario,ES,28.5004,-13.8627,296.01,88,0,4.63,clear sky
444,Port Hardy,CA,50.6996,-127.4199,292.25,63,75,5.14,broken clouds
445,Gusau,NG,12.1628,6.6614,299.5,30,79,2.54,broken clouds
446,Acajutla,SV,13.5928,-89.8275,301.33,76,98,2.78,overcast clouds
447,Sretensk,RU,52.2453,117.7093,272.41,57,100,1.42,overcast clouds
448,Vestmannaeyjar,IS,63.4427,-20.2734,280.29,73,100,6.92,overcast clouds
449,Cumpas,MX,29.9833,-109.7833,300.49,29,0,2.62,clear sky
450,Grand Gaube,MU,-20.0064,57.6608,294.37,72,63,1.34,broken clouds
451,Ocos,GT,14.5094,-92.1933,303.25,80,100,2.79,moderate rain
452,Ondjiva,AO,-17.0667,15.7333,299.68,27,71,1.32,broken clouds
453,Necochea,AR,-38.5473,-58.7368,290.82,54,100,7.78,overcast clouds
454,Sarab,IR,38.6066,44.9883,286.24,72,8,0.93,clear sky
455,Amapa,BR,1.0,-52.0,296.01,97,98,3.07,light rain
456,Pau Brasil,BR,-15.4642,-39.6511,294.84,79,75,2.86,broken clouds
457,Batemans Bay,AU,-35.7167,150.1833,288.76,69,30,2.44,scattered clouds
458,Irbil,IQ,36.1926,44.0106,298.97,17,2,2.23,clear sky
459,Moissala,TD,8.3404,17.7663,296.69,78,10,0.64,clear sky
460,Berovo,MK,41.7031,22.8578,281.51,36,0,1.08,clear sky
461,Loviisa,FI,60.4566,26.2251,276.64,81,100,4.62,overcast clouds
462,Paragominas,BR,-2.9667,-47.4833,300.4,64,100,2.32,overcast clouds
463,Ovar,PT,40.8586,-8.6251,293.43,89,100,5.37,overcast clouds
464,Fare,PF,-16.7,-151.0167,298.36,78,29,6.79,light rain
465,Clyde River,CA,70.4692,-68.5914,266.28,86,100,4.63,overcast clouds
466,Vila,PT,42.0304,-8.1588,286.64,94,100,3.26,light rain
467,Port-Cartier,CA,50.0334,-66.8654,282.27,97,100,8.9,overcast clouds
468,Khandyga,RU,62.6667,135.6,254.08,99,90,1.17,overcast clouds
469,Columbia,US,34.0007,-81.0348,287.15,36,0,4.12,clear sky
470,Kiama,AU,-34.6833,150.8667,293.4,83,75,0.41,broken clouds
471,Edd,ER,13.9297,41.6925,303.1,55,1,6.12,clear sky
472,Presidencia Roque Saenz Pena,AR,-26.7852,-60.4388,297.69,47,4,2.14,clear sky
473,Karatsu,JP,33.4425,129.9697,288.1,26,3,4.37,clear sky
474,Gewane,ET,10.1664,40.6453,301.32,34,51,3.88,broken clouds
475,Whitianga,NZ,-36.8333,175.7,287.81,61,27,5.09,scattered clouds
476,Smirnykh,RU,49.75,142.8333,275.62,58,18,5.4,few clouds
477,Obo,CF,5.3998,26.4869,293.81,96,87,1.03,light rain
478,Naples,IT,40.8333,14.25,292.51,94,0,1.03,clear sky
479,Gao,ML,16.6362,1.637,302.93,16,26,5.13,scattered clouds
480,Cayenne,GF,4.9333,-52.3333,301.17,78,0,2.57,light rain
481,Stepnyak,KZ,52.8339,70.7803,277.67,65,100,5.44,overcast clouds
482,Grand Valley,CA,43.9001,-80.3164,277.2,93,100,5.13,overcast clouds
483,Mayo,US,38.8876,-76.5119,285.21,55,40,3.6,scattered clouds
484,Carauari,BR,-4.8828,-66.8958,298.99,84,79,0.69,broken clouds
485,Betania,CO,5.746,-75.9777,291.29,97,99,1.23,light rain
486,Maamba,ZM,-17.3667,27.15,296.2,34,19,0.51,few clouds
487,Tabuk,PH,17.4189,121.4443,296.45,98,100,0.66,overcast clouds
488,Truro,GB,50.2653,-5.0544,290.75,88,100,11.32,overcast clouds
489,Moron,AR,-34.6534,-58.6198,294.27,75,78,5.06,broken clouds
490,Churapcha,RU,62.0025,132.4325,258.16,100,97,1.54,overcast clouds
491,Gravdal,NO,68.1214,13.5031,280.09,65,40,4.63,scattered clouds
492,Hamilton,US,39.1834,-84.5333,279.84,62,100,7.2,overcast clouds
493,Westport,US,41.1415,-73.3579,286.9,58,0,2.57,clear sky
494,Bodden Town,KY,19.2833,-81.25,302.04,89,75,1.54,broken clouds
495,Gobabis,NA,-22.45,18.9667,293.05,53,83,8.27,broken clouds
496,Palora,EC,-1.7,-77.9333,299.21,95,100,0.26,moderate rain
497,Fukue,JP,32.6881,128.8419,290.34,54,0,7.95,clear sky
498,Waddan,LY,29.1614,16.139,295.16,55,99,2.89,overcast clouds
499,Sur,OM,22.5667,59.5289,300.37,35,100,3.93,overcast clouds
500,Namatanai,PG,-3.6667,152.4333,301.58,64,33,3.48,scattered clouds
501,Gatton,AU,-27.55,152.2833,292.27,80,100,2.18,light rain
502,Kjollefjord,NO,70.9457,27.3465,277.18,60,75,5.66,broken clouds
503,Naryan-Mar,RU,67.6713,53.087,277.48,96,100,7.93,light rain
504,Road Town,VG,18.4167,-64.6167,302.2,78,20,4.97,few clouds
505,Bambous Virieux,MU,-20.3428,57.7575,294.29,78,20,4.12,few clouds
506,Imeni Babushkina,RU,59.7573,43.1285,277.39,89,100,2.06,overcast clouds
507,Cockburn Town,TC,21.4612,-71.1419,301.43,73,0,4.38,clear sky
508,Boende,CD,-0.2167,20.8667,294.63,98,44,0.22,light rain
509,San Clemente,US,33.427,-117.612,308.45,67,1,2.24,clear sky
510,Chapais,CA,49.7834,-74.8492,281.03,96,100,3.44,moderate rain
511,Puquio,PE,-14.7,-74.1333,286.47,43,24,4.98,few clouds
512,Algiers,DZ,36.7525,3.042,293.05,73,0,2.06,clear sky
513,Chapada Dos Guimaraes,BR,-15.4606,-55.7497,294.96,36,38,0.98,scattered clouds
514,Pathein,MM,16.7833,94.7333,296.1,87,13,1.37,few clouds
515,Nanakuli,US,21.3906,-158.1547,304.8,45,0,4.63,clear sky
516,Hobyo,SO,5.3505,48.5268,298.59,83,100,7.45,overcast clouds
517,Palu,ID,-0.8917,119.8707,297.53,93,100,1.27,overcast clouds
518,Balozi,LV,56.8761,24.1186,283.09,95,100,1.03,overcast clouds
519,Hegang,CN,47.4,130.3667,273.11,52,1,3.11,clear sky
520,Taltal,CL,-25.4,-70.4833,289.67,68,21,2.67,few clouds
521,Rudbar,AF,30.15,62.6,294.25,31,37,3.52,scattered clouds
522,Cabra,ES,37.4725,-4.4421,296.14,48,95,1.2,overcast clouds
523,Tupelo,US,34.2576,-88.7034,285.31,34,0,4.63,clear sky
524,Shache,CN,38.4167,77.2406,286.41,18,37,2.09,scattered clouds
525,Naze,JP,28.3667,129.4833,294.66,77,100,9.21,overcast clouds
526,Yaan,NG,7.3833,8.5667,297.57,84,96,1.57,overcast clouds
527,Vysokogornyy,RU,50.1167,139.15,270.1,79,16,3.73,few clouds
528,Kinwat,IN,19.6333,78.2,296.06,90,100,0.92,overcast clouds
529,Cidreira,BR,-30.1811,-50.2056,291.49,94,100,7.88,overcast clouds
530,Sarangani,PH,5.4033,125.4636,301.72,72,100,1.19,moderate rain
531,Yushu,CN,44.8,126.5333,272.79,64,0,3.4,clear sky
532,Christchurch,NZ,-43.5333,172.6333,288.33,71,54,1.03,broken clouds
533,Trabzon,TR,40.9167,39.8333,288.2,88,75,2.57,broken clouds
534,Newtownards,GB,54.5924,-5.6909,285.12,82,64,4.12,broken clouds
535,Yamethin,MM,20.4333,96.15,294.37,80,20,1.28,few clouds
536,Padang,ID,-0.9492,100.3543,297.18,88,100,1.02,overcast clouds
537,Malangali,TZ,-8.5667,34.85,291.35,60,9,5.02,clear sky
538,Kloulklubed,PW,7.0419,134.2556,299.43,73,77,6.39,broken clouds
539,Severomuysk,RU,56.1481,113.4267,264.02,95,75,1.6,broken clouds
540,Jinxiang,CN,27.4327,120.6062,286.54,69,72,5.54,broken clouds
541,Talcahuano,CL,-36.7167,-73.1167,287.97,67,20,3.09,few clouds
542,Paredon,MX,16.0333,-93.8667,299.12,86,100,2.08,overcast clouds
543,Parsons,US,37.3403,-95.2611,282.31,13,0,5.66,clear sky
544,Maningrida,AU,-12.0667,134.2667,301.6,72,95,1.14,overcast clouds
545,Antalaha,MG,-14.9003,50.2788,294.02,75,46,2.84,scattered clouds
546,Beipiao,CN,41.7919,120.7792,276.75,28,0,1.07,clear sky
547,Diego De Almagro,CL,-26.3667,-70.05,293.93,19,0,3.66,clear sky
548,Asfi,MA,32.2994,-9.2372,294.79,64,56,1.28,broken clouds
549,Saldanha,ZA,-33.0117,17.9442,288.87,95,72,5.49,broken clouds
550,Funadhoo,MV,6.15,73.2667,299.07,84,100,8.7,moderate rain
551,Yuksekova,TR,37.5736,44.2872,279.01,65,40,1.54,scattered clouds
552,Bafq,IR,31.6128,55.4107,294.25,16,100,0.86,overcast clouds
553,Ingraj Bazar,IN,25.0,88.15,295.31,71,19,2.68,few clouds
554,Saint-Leu,RE,-21.15,55.2833,292.63,75,49,3.84,scattered clouds
555,Cairns,AU,-16.9167,145.7667,300.41,78,100,3.6,overcast clouds
556,Verkhnevilyuysk,RU,63.4453,120.3167,269.21,95,100,1.42,overcast clouds
557,Lahij,YE,13.1667,44.5833,298.62,59,50,1.69,scattered clouds
558,Pangnirtung,CA,66.1451,-65.7125,269.15,63,75,3.6,broken clouds
559,Beloha,MG,-25.1667,45.05,293.25,80,10,6.35,clear sky
560,Oistins,BB,13.0667,-59.5333,301.2,78,40,4.63,scattered clouds
561,Henties Bay,NA,-22.116,14.2845,287.93,89,22,1.48,few clouds
562,Mangan,IN,27.5167,88.5333,288.5,41,0,3.27,clear sky
563,Kaeo,NZ,-35.1,173.7833,290.55,74,25,4.32,scattered clouds
564,Kurumkan,RU,54.3,110.3,273.49,92,48,1.84,light snow
565,Charyshskoye,RU,51.3978,83.5598,275.26,88,100,1.95,overcast clouds
566,Korla,CN,41.7597,86.1469,284.41,22,68,1.64,broken clouds
567,Alta Floresta,BR,-9.8756,-56.0861,299.12,69,96,1.46,overcast clouds
568,Ventspils,LV,57.3894,21.5606,283.11,93,100,5.14,overcast clouds
569,Dinan,FR,48.4167,-2.25,291.18,91,97,5.72,overcast clouds
570,Mino,JP,34.8269,135.4706,287.72,80,20,1.54,few clouds
571,Ust-Maya,RU,60.4167,134.5333,260.48,99,82,0.83,broken clouds
572,Glubokiy,RU,48.5217,40.3258,282.96,49,28,3.49,scattered clouds
573,Qaqortoq,GL,60.7167,-46.0333,276.11,88,100,6.35,light rain
574,Ha Giang,VN,22.8333,104.9833,288.36,62,95,2.08,overcast clouds
575,Sumbe,AO,-11.2061,13.8437,296.74,83,70,3.5,broken clouds
576,Karaton,ID,-6.3424,106.1045,296.42,94,100,1.45,light rain
577,Kananga,CD,-5.8958,22.4178,293.47,89,60,1.46,broken clouds
578,Kidal,ML,18.4411,1.4078,301.2,21,36,5.24,scattered clouds
579,Hokitika,NZ,-42.7167,170.9667,283.31,71,94,1.18,overcast clouds
580,Maple Creek,CA,49.9168,-109.4848,296.38,20,72,2.57,broken clouds
581,Ravar,IR,31.2656,56.8055,293.73,17,100,2.21,overcast clouds
582,Grand-Santi,GF,4.25,-54.3833,300.07,69,99,1.51,overcast clouds
583,Ugoofaaru,MV,5.6667,73.0,300.09,79,100,8.71,moderate rain
584,Yakima,US,46.4665,-120.6678,298.45,32,0,2.06,clear sky
585,Magistralnyy,RU,56.1725,107.4458,275.33,94,100,3.14,overcast clouds
586,Tamandare,BR,-8.7597,-35.1047,297.38,84,44,4.07,scattered clouds
587,Borger,NL,52.9233,6.7931,284.76,87,0,2.45,clear sky
588,Mwinilunga,ZM,-11.7358,24.4293,291.92,71,98,1.84,overcast clouds
589,Russell,US,32.3502,-85.1999,286.75,30,0,5.66,clear sky
590,Kachiry,KZ,53.0675,76.1036,277.66,74,85,3.35,overcast clouds
591,Malakal,SS,9.5334,31.6605,296.27,88,53,1.41,broken clouds
592,Muyezerskiy,RU,63.9333,31.65,273.31,88,77,3.23,broken clouds
593,Eyl,SO,7.9803,49.8164,298.9,81,31,4.62,scattered clouds
594,Verkhovyna,UA,48.1557,24.7911,282.88,86,35,2.64,scattered clouds
595,Novichikha,RU,52.204,81.3877,275.49,77,96,3.16,overcast clouds
596,Bundaberg,AU,-24.85,152.35,295.49,86,100,1.34,overcast clouds
597,Kuito,AO,-12.3833,16.9333,289.23,87,94,1.16,overcast clouds
598,Porto Novo,BJ,6.4965,2.6036,300.05,89,92,2.34,moderate rain
599,Marawi,PH,7.9986,124.2928,294.39,93,100,1.18,overcast clouds
600,Pitimbu,BR,-7.4706,-34.8086,298.48,77,18,5.7,few clouds
601,Fantanele,RO,46.1167,21.4,282.88,93,2,1.54,light rain
602,Stepantsevo,RU,56.1314,41.7032,279.25,89,100,3.75,overcast clouds
603,Quang Ngai,VN,15.1167,108.8,294.56,78,98,3.62,overcast clouds
604,Haines Junction,CA,60.7522,-137.5108,277.12,93,100,2.06,overcast clouds
605,Valleyview,CA,55.0667,-117.2859,294.17,28,8,2.57,clear sky
606,Severnoye,RU,56.3491,78.3619,275.6,94,100,2.94,overcast clouds
607,Nuuk,GL,64.1835,-51.7216,275.49,100,100,5.14,overcast clouds
608,Brigantine,US,39.4101,-74.3646,285.93,56,0,4.12,clear sky
609,Tal,PK,35.4791,72.2439,281.12,65,0,0.79,clear sky
610,Kungurtug,RU,50.5994,97.5228,271.92,86,85,0.4,overcast clouds
611,Pochutla,MX,15.7432,-96.4661,297.05,97,100,3.28,light rain
612,Rawson,AR,-43.3002,-65.1023,296.36,27,0,12.13,clear sky
613,Ilhabela,BR,-23.7781,-45.3581,294.44,93,100,0.37,light rain
614,Gorontalo,ID,0.5412,123.0595,296.83,95,100,1.29,overcast clouds
615,Rosarito,MX,32.3333,-117.0333,307.27,42,0,4.38,clear sky
616,Chinsali,ZM,-10.5414,32.0816,293.53,43,48,4.53,scattered clouds
617,Patitirion,GR,39.15,23.8667,287.8,60,1,6.48,clear sky
618,Akita,JP,39.7167,140.1167,280.67,100,75,2.06,fog
619,Guerrero Negro,MX,27.9769,-114.0611,301.32,45,0,4.51,clear sky
620,Sai Buri,TH,6.7013,101.6168,299.24,87,100,2.43,overcast clouds
621,Gwadar,PK,25.1216,62.3254,299.45,66,78,3.59,broken clouds
622,Santiago De Chuco,PE,-8.15,-78.1833,286.64,66,98,1.82,overcast clouds
623,Zyryanka,RU,65.75,150.85,261.53,93,100,8.34,overcast clouds
624,Dekar,BW,-21.5333,21.9333,292.25,65,87,3.31,overcast clouds
625,Shahr-E Babak,IR,30.1165,55.1186,290.44,14,100,2.74,overcast clouds
626,San Quintin,MX,30.4833,-115.95,296.83,64,1,5.08,clear sky
627,Finschhafen,PG,-6.6024,147.8681,301.22,70,100,0.63,overcast clouds
628,Comodoro Rivadavia,AR,-45.8667,-67.5,300.07,12,0,5.66,clear sky
629,Gaya,IN,24.7833,85.0,293.63,67,0,1.72,clear sky
630,Honningsvag,NO,70.9821,25.9704,277.01,75,40,5.14,scattered clouds
631,Marzuq,YE,14.4,46.4667,293.23,26,1,0.35,clear sky
632,Twentynine Palms,US,34.1356,-116.0542,303.23,27,0,1.79,clear sky
633,Salinas,US,36.6777,-121.6555,307.03,45,0,6.17,clear sky
634,Sangar,RU,63.9242,127.4739,264.28,83,100,3.86,overcast clouds
635,Zhanaozen,KZ,43.3,52.8,282.96,58,1,1.99,clear sky
636,Macusani,PE,-14.0833,-70.4333,278.03,85,93,4.57,overcast clouds
637,Marsh Harbour,BS,26.5412,-77.0636,300.71,72,74,5.38,broken clouds
638,Sao Filipe,CV,14.8961,-24.4956,300.48,78,37,2.67,scattered clouds
639,Pendleton,US,45.6721,-118.7886,298.49,34,0,1.54,clear sky
640,Andenes,NO,69.3143,16.1194,278.14,75,75,4.63,broken clouds
641,Lufilufi,WS,-13.8745,-171.5986,305.03,74,48,7.52,scattered clouds
642,Pontes E Lacerda,BR,-15.2261,-59.3353,297.04,85,66,1.38,broken clouds
643,Shitanjing,CN,39.2342,106.3439,281.83,40,0,3.68,clear sky
644,Lensk,RU,60.7253,114.9278,273.5,97,100,3.84,light snow
645,Rajauri,IN,33.3833,74.3,289.03,50,0,2.74,clear sky
646,Bitlis,TR,38.5,42.25,284.5,70,58,3.29,broken clouds
647,Biograd Na Moru,HR,43.9433,15.4519,288.01,82,0,3.2,clear sky
648,Marck,FR,50.949,1.9433,285.9,71,100,6.16,overcast clouds
649,Genhe,CN,50.7833,121.5167,269.4,57,100,1.44,overcast clouds
650,Codrington,AU,-38.2667,141.9667,287.35,80,0,2.05,clear sky
651,Laguna,US,38.421,-121.4238,304.42,41,0,4.12,clear sky
652,Sankheda,IN,22.1667,73.5833,297.37,57,6,1.41,clear sky
653,Forotic,RO,45.2303,21.5875,284.72,50,4,1.56,light rain
654,Kemin,KG,42.7846,75.6892,278.77,71,98,1.52,overcast clouds
655,Ucluelet,CA,48.9329,-125.5528,289.87,78,36,1.95,scattered clouds
656,Gamba,GA,-2.65,10.0,298.46,86,100,2.93,overcast clouds
657,Saint-Joseph,RE,-21.3667,55.6167,292.36,78,44,4.47,scattered clouds
658,Angoram,PG,-4.0625,144.0661,296.41,96,94,0.94,overcast clouds
659,Chabahar,IR,25.2919,60.643,299.5,72,17,1.63,few clouds
660,Mount Isa,AU,-20.7333,139.5,299.02,65,21,2.57,few clouds
661,Athabasca,CA,54.7169,-113.2854,295.38,22,14,2.74,few clouds
662,Flin Flon,CA,54.7682,-101.865,284.4,36,65,3.19,broken clouds
663,Aranos,NA,-24.1333,19.1167,296.28,28,42,4.19,scattered clouds
664,Kerrville,US,30.0474,-99.1403,293.87,30,0,3.09,clear sky
665,Jalu,LY,29.0331,21.5482,291.75,66,16,3.96,few clouds
666,Dzialdowo,PL,53.2396,20.17,282.91,91,51,5.04,broken clouds
667,Cedar City,US,37.6775,-113.0619,295.69,14,0,4.12,clear sky
668,Panzhihua,CN,26.5851,101.7128,289.04,77,94,0.61,overcast clouds
669,Arroyo,ES,41.6096,-4.7969,291.26,70,0,1.54,clear sky
670,Saint-Augustin,CA,51.226,-58.6502,283.83,83,100,1.91,overcast clouds
671,Ereymentau,KZ,51.6199,73.1033,275.39,74,34,3.6,scattered clouds
672,Palmer,US,42.1584,-72.3287,285.8,56,20,2.57,few clouds
673,Arlit,NE,18.7369,7.3853,301.2,21,0,7.32,clear sky
674,Rosetta,EG,31.4044,30.4164,295.67,73,9,4.39,clear sky
675,Paamiut,GL,61.994,-49.6678,276.31,93,100,4.38,light rain
676,Tahoua,NE,14.8888,5.2692,302.19,18,5,4.98,clear sky
677,Kirensk,RU,57.7853,108.1119,273.91,94,100,3.28,light snow
678,Graaff-Reinet,ZA,-32.2522,24.5308,295.88,59,99,1.25,overcast clouds
679,Taoudenni,ML,22.6783,-3.9836,305.85,14,97,3.54,overcast clouds
680,Longhua,CN,23.6137,114.1919,292.24,27,99,1.97,overcast clouds
681,Gizo,SB,-8.103,156.8419,301.51,72,91,2.82,overcast clouds
682,Murray Bridge,AU,-35.1167,139.2667,289.89,65,32,3.28,scattered clouds
683,Narsaq,GL,60.9167,-46.05,277.27,85,100,4.98,light rain
684,Oxapampa,PE,-10.5775,-75.4017,290.77,96,69,0.66,broken clouds
685,Mpanda,TZ,-6.3655,31.0409,297.36,46,81,1.25,broken clouds
686,Olinda,BR,-8.0089,-34.8553,300.0,69,75,5.66,broken clouds
687,Aleksandrovskoye,RU,44.7142,43.0008,282.68,93,0,2.19,clear sky
688,Tuxpan,MX,19.55,-103.4,295.02,73,100,0.6,light rain
689,Afua,BR,-0.1567,-50.3867,299.18,82,96,3.35,overcast clouds
690,Velyka Bahachka,UA,49.7912,33.7226,283.6,40,91,4.33,overcast clouds
691,Ivaipora,BR,-24.2478,-51.6847,291.41,94,100,1.55,overcast clouds
692,Adre,TD,13.4667,22.2,298.73,30,0,1.72,clear sky
693,Kavaratti,IN,10.5669,72.642,300.03,78,100,9.34,light rain
694,Dong Xoai,VN,11.5333,106.9167,295.1,97,46,1.15,scattered clouds
695,Buchanan,LR,5.8808,-10.0467,298.38,87,98,2.68,overcast clouds
696,Lokosovo,RU,61.1333,74.8167,277.22,87,100,4.9,overcast clouds
697,Gondanglegi,ID,-7.7479,112.0132,297.01,93,100,2.42,overcast clouds
